feature,importance
rel_strength_3m,496.0
mom_12m,397.0
mom_3m,392.0
mom_6m,341.0
rel_strength_12m,337.0
realized_vol_60d,312.0
rel_strength_6m,310.0
distance_from_SMA_50,282.0
vol_30d,281.0
vol_10d,243.0
RSI_14,235.0
ret_20d,231.0
vol_20d,217.0
MACD_signal,192.0
ret_5d,173.0
MACD,149.0
SMA_50,146.0
ret_10d,145.0
ret_1d,142.0
distance_from_SMA_10,133.0
volume_zscore,130.0
volume_change_5d,121.0
high_low_range_pct,115.0
SMA_10,114.0
close_open_gap_pct,104.0
SMA_20,98.0
distance_from_SMA_20,97.0
mom_1m,26.0
realized_vol_20d,20.0
sentiment_5d,20.0
sentiment,1.0
